{
  "phase": "4_counterfactual_augmented",
  "theta_hat": [
    9.0,
    0.2,
    0.9,
    0.2,
    0.09900210904217,
    -6.051995085636928,
    3.0,
    0.32429728593216917,
    0.7748864663379047,
    -3.9649453374738073
  ],
  "param_names": [
    "beta_dissat",
    "beta_renter",
    "rho_aspiration",
    "alpha_local",
    "price_slope",
    "beta_0",
    "assortative_exponent",
    "intergenerational_skill_corr",
    "beta_network",
    "gamma_cosmopolitan"
  ],
  "seeds": [
    73,
    74,
    75,
    76,
    77,
    78,
    79,
    80,
    81,
    82
  ],
  "t_horizon": 25,
  "scenarios": {
    "A": {
      "scenario": "A",
      "vote_mean": [
        0.0,
        0.015986666666666666,
        0.030983333333333335,
        0.047453333333333333,
        0.06434,
        0.08035666666666666,
        0.09532333333333333,
        0.10944333333333334,
        0.12378333333333331,
        0.13550666666666666,
        0.14786,
        0.15941333333333335,
        0.17002666666666666,
        0.18057333333333334,
        0.19077,
        0.20196666666666668,
        0.21208333333333332,
        0.22399999999999998,
        0.2348333333333333,
        0.2468866666666667,
        0.25907666666666673,
        0.2719666666666667,
        0.28603999999999996,
        0.30133333333333334,
        0.3160866666666667,
        0.3337066666666667
      ],
      "rent_mean": [
        0.05096617640827996,
        0.049274246901778125,
        0.0479369425482306,
        0.04720047208597518,
        0.047223010006089264,
        0.04797579607944823,
        0.04940457890485538,
        0.05130437331248268,
        0.053541375498502755,
        0.05621844578683294,
        0.05924014060437727,
        0.06284246850361366,
        0.06675794386811411,
        0.07114521710994261,
        0.07606844974032105,
        0.08153045029842867,
        0.08764922772165158,
        0.09433136722627873,
        0.10173150706274312,
        0.11000096892867843,
        0.11896785593734915,
        0.12890979907415973,
        0.13973378452604795,
        0.15192093146141067,
        0.16551795137301295,
        0.18020206527047955
      ],
      "vote_peak_period_mean": 25.0,
      "vote_peak_mean": 0.3337066666666667,
      "vote_final_mean": 0.3337066666666667,
      "rent_burden_final_mean": 0.18020206527047958,
      "dissat_final_mean": 0.41634460302069876,
      "years_extreme_share_mean": 0.0,
      "tenure_gap_final_mean": 0.4577028418027302,
      "transfer_to_income_share": 0.0
    },
    "B": {
      "scenario": "B",
      "vote_mean": [
        0.0,
        0.12216000000000002,
        0.18914,
        0.23914666666666662,
        0.27518,
        0.30499,
        0.3286833333333333,
        0.3425033333333334,
        0.35932333333333333,
        0.37287666666666663,
        0.3864533333333333,
        0.39725999999999995,
        0.4061133333333333,
        0.4158366666666667,
        0.42455,
        0.43339,
        0.4411333333333333,
        0.4498766666666666,
        0.45802333333333334,
        0.4649366666666667,
        0.4717366666666667,
        0.4786966666666667,
        0.4860366666666667,
        0.49296999999999996,
        0.49951000000000007,
        0.5065066666666667
      ],
      "rent_mean": [
        0.05096617640827996,
        0.049274246901778125,
        0.0479369425482306,
        0.04720047208597518,
        0.047223010006089264,
        0.04797579607944823,
        0.04940457890485538,
        0.05021053928585882,
        0.05115002310946606,
        0.05223031751311339,
        0.05341191929774284,
        0.054702370921376774,
        0.056148312973029635,
        0.05766665744855739,
        0.05927558433174429,
        0.06099961975434298,
        0.06281997733771802,
        0.06472524076125456,
        0.0667027138613612,
        0.06877530137167603,
        0.07095849072818797,
        0.07326544644017127,
        0.07569024632557944,
        0.07822712541587988,
        0.08087029837029083,
        0.0836474213521346
      ],
      "vote_peak_period_mean": 25.0,
      "vote_peak_mean": 0.5065066666666667,
      "vote_final_mean": 0.5065066666666667,
      "rent_burden_final_mean": 0.0836474213521346,
      "dissat_final_mean": 0.3548264037525473,
      "years_extreme_share_mean": 19.0,
      "tenure_gap_final_mean": 0.5619102381121779,
      "transfer_to_income_share": 0.0
    },
    "C": {
      "scenario": "C",
      "vote_mean": [
        0.0,
        0.12216000000000002,
        0.18914,
        0.23914666666666662,
        0.27518,
        0.30499,
        0.3286833333333333,
        0.34605333333333327,
        0.36138666666666663,
        0.37717333333333336,
        0.38922,
        0.40168333333333334,
        0.41272666666666663,
        0.4224433333333334,
        0.4305,
        0.4403233333333333,
        0.4500666666666667,
        0.45908333333333334,
        0.4676233333333332,
        0.47725,
        0.48417666666666664,
        0.4940833333333333,
        0.5019266666666666,
        0.51173,
        0.5199933333333333,
        0.5299099999999999
      ],
      "rent_mean": [
        0.05096617640827996,
        0.049274246901778125,
        0.0479369425482306,
        0.04720047208597518,
        0.047223010006089264,
        0.04797579607944823,
        0.04940457890485538,
        0.05077663794004039,
        0.05238049746610858,
        0.05416238796278552,
        0.056199446966482394,
        0.05847557797258983,
        0.060978842322380246,
        0.06366848184112431,
        0.06663707898989966,
        0.0698099023733694,
        0.07319304406373599,
        0.07687986953914201,
        0.0808612461021918,
        0.0851047658639814,
        0.0897751485946642,
        0.09469158248476489,
        0.09993759835719558,
        0.10552158699183697,
        0.11138948232035592,
        0.11778515494125127
      ],
      "vote_peak_period_mean": 25.0,
      "vote_peak_mean": 0.5299099999999999,
      "vote_final_mean": 0.5299099999999999,
      "rent_burden_final_mean": 0.11778515494125126,
      "dissat_final_mean": 0.376762564168669,
      "years_extreme_share_mean": 19.0,
      "tenure_gap_final_mean": 0.6011872542558908,
      "transfer_to_income_share": 0.0
    },
    "D": {
      "scenario": "D",
      "vote_mean": [
        0.0,
        0.12216000000000002,
        0.18914,
        0.23914666666666662,
        0.27518,
        0.30499,
        0.3286833333333333,
        0.3490766666666667,
        0.36700333333333335,
        0.3813966666666667,
        0.39637,
        0.40824999999999995,
        0.42047333333333337,
        0.43187,
        0.44099666666666665,
        0.45217,
        0.4623366666666667,
        0.47164666666666666,
        0.48314333333333337,
        0.49462666666666666,
        0.5057433333333333,
        0.5172433333333333,
        0.5281533333333334,
        0.5397833333333333,
        0.5530966666666666,
        0.56703
      ],
      "rent_mean": [
        0.05096617640827996,
        0.049274246901778125,
        0.0479369425482306,
        0.04720047208597518,
        0.047223010006089264,
        0.04797579607944823,
        0.04940457890485538,
        0.05130437331248268,
        0.053541375498502755,
        0.05621844578683294,
        0.05924014060437727,
        0.06284246850361366,
        0.06675794386811411,
        0.07114521710994261,
        0.07606844974032105,
        0.08153045029842867,
        0.08764922772165158,
        0.09433136722627873,
        0.10173150706274312,
        0.11000096892867843,
        0.11896785593734915,
        0.12890979907415973,
        0.13973378452604795,
        0.15192093146141067,
        0.16551795137301295,
        0.18020206527047955
      ],
      "vote_peak_period_mean": 25.0,
      "vote_peak_mean": 0.56703,
      "vote_final_mean": 0.56703,
      "rent_burden_final_mean": 0.18020206527047958,
      "dissat_final_mean": 0.41634460302069876,
      "years_extreme_share_mean": 19.0,