{
  "T": 25,
  "n_seeds": 20,
  "levels": {
    "none": {
      "d_rent": {
        "mean": 0.3202480175940256,
        "sd": 0.00401130609551022
      },
      "d_asset": {
        "mean": 0.22931221803838242,
        "sd": 0.009463870537196547
      },
      "d_access": {
        "mean": 0.48515534920953973,
        "sd": 0.005594330094336731
      },
      "vote": {
        "mean": 0.2348883333333333,
        "sd": 0.00329850597493269
      }
    },
    "rent": {
      "d_rent": {
        "mean": 0.2875461052562292,
        "sd": 0.003242230641769038
      },
      "d_asset": {
        "mean": 0.2317625427329543,
        "sd": 0.009425937154635938
      },
      "d_access": {
        "mean": 0.4809733086563123,
        "sd": 0.006650567982057597
      },
      "vote": {
        "mean": 0.2328216666666667,
        "sd": 0.0029837387992621323
      }
    },
    "supply": {
      "d_rent": {
        "mean": 0.30723147570685216,
        "sd": 0.0039051449589241525
      },
      "d_asset": {
        "mean": 0.20934754155045363,
        "sd": 0.00961610739032535
      },
      "d_access": {
        "mean": 0.46788331292949276,
        "sd": 0.005308237772871745
      },
      "vote": {
        "mean": 0.23052666666666663,
        "sd": 0.0032537260691910355
      }
    },
    "access": {
      "d_rent": {
        "mean": 0.3138342049750028,
        "sd": 0.0037464078904606286
      },
      "d_asset": {
        "mean": 0.22453089649103092,
        "sd": 0.008126791052065908
      },
      "d_access": {
        "mean": 0.4766919972921902,
        "sd": 0.004129278806129905
      },
      "vote": {
        "mean": 0.23362166666666667,
        "sd": 0.0024001452502342927
      }
    },
    "access_x2": {
      "d_rent": {
        "mean": 0.3025181976092601,
        "sd": 0.005687636456898624
      },
      "d_asset": {
        "mean": 0.2122314758727628,
        "sd": 0.006721937448535279
      },
      "d_access": {
        "mean": 0.4602415326060112,
        "sd": 0.007131443073124953
      },
      "vote": {
        "mean": 0.2296616666666666,
        "sd": 0.0024344580733935673
      }
    },
    "access_x4": {
      "d_rent": {
        "mean": 0.2679276357377265,
        "sd": 0.005333434610434505
      },
      "d_asset": {
        "mean": 0.18258623427744147,
        "sd": 0.010227335136366594
      },
      "d_access": {
        "mean": 0.4086281847363524,
        "sd": 0.006483092870411113
      },
      "vote": {
        "mean": 0.22064,
        "sd": 0.002780499555435635
      }
    },
    "transfer": {
      "d_rent": {
        "mean": 0.3047973069427192,
        "sd": 0.007586709832740997
      },
      "d_asset": {
        "mean": 0.21854966905198542,
        "sd": 0.009347393401233512
      },
      "d_access": {
        "mean": 0.3356459306023029,
        "sd": 0.009669744663408102
      },
      "vote": {
        "mean": 0.21792499999999998,
        "sd": 0.002953827554584428
      }
    },
    "bundle": {
      "d_rent": {
        "mean": 0.2493894005140418,
        "sd": 0.0062441463656335485
      },
      "d_asset": {
        "mean": 0.18336588994282318,
        "sd": 0.009731179520274053
      },
      "d_access": {
        "mean": 0.3055718073198442,
        "sd": 0.013035043117074976
      },
      "vote": {
        "mean": 0.20858666666666664,
        "sd": 0.0022403967902534096
      }
    }
  },
  "deltas": {
    "rent": {
      "d_rent": {
        "mean": -0.0327,
        "sd": 0.0047
      },
      "d_asset": {
        "mean": 0.0025,
        "sd": 0.0109
      },
      "d_access": {
        "mean": -0.0042,
        "sd": 0.0083
      },
      "vote": {
        "mean": -0.0021,
        "sd": 0.0024
      }
    },
    "supply": {
      "d_rent": {
        "mean": -0.013,
        "sd": 0.005
      },
      "d_asset": {
        "mean": -0.02,
        "sd": 0.0132
      },
      "d_access": {
        "mean": -0.0173,
        "sd": 0.0074
      },
      "vote": {
        "mean": -0.0044,
        "sd": 0.0028
      }
    },
    "access": {
      "d_rent": {
        "mean": -0.0064,
        "sd": 0.0044
      },
      "d_asset": {
        "mean": -0.0048,
        "sd": 0.0113
      },
      "d_access": {
        "mean": -0.0085,
        "sd": 0.0058
      },
      "vote": {
        "mean": -0.0013,
        "sd": 0.0023
      }
    },
    "access_x2": {
      "d_rent": {
        "mean": -0.0177,
        "sd": 0.0058
      },
      "d_asset": {
        "mean": -0.0171,
        "sd": 0.0115
      },
      "d_access": {
        "mean": -0.0249,
        "sd": 0.0074
      },
      "vote": {
        "mean": -0.0052,
        "sd": 0.0032
      }
    },
    "access_x4": {
      "d_rent": {
        "mean": -0.0523,
        "sd": 0.0063
      },
      "d_asset": {
        "mean": -0.0467,
        "sd": 0.0147
      },
      "d_access": {
        "mean": -0.0765,
        "sd": 0.0078
      },
      "vote": {
        "mean": -0.0142,
        "sd": 0.0033
      }
    },
    "transfer": {
      "d_rent": {
        "mean": -0.0155,
        "sd": 0.007
      },
      "d_asset": {
        "mean": -0.0108,
        "sd": 0.0128
      },
      "d_access": {
        "mean": -0.1495,
        "sd": 0.0089
      },
      "vote": {
        "mean": -0.017,
        "sd": 0.0035
      }
    },
    "bundle": {
      "d_rent": {
        "mean": -0.0709,
        "sd": 0.0073
      },
      "d_asset": {
        "mean": -0.0459,
        "sd": 0.0133
      },
      "d_access": {
        "mean": -0.1796,
        "sd": 0.0145
      },
      "vote": {
        "mean": -0.0263,
        "sd": 0.0036
      }
    }
  }
}