{
  "theta_hat": [
    3.0,
    1.0,
    0.9,
    0.7,
    0.15,
    -3.555055164853116,
    3.0,
    0.85
  ],
  "se": [
    0.0002288351356260187,
    0.0032565658709155787,
    0.002234701479446566,
    0.014224531085717123,
    0.0008394262528437051,
    0.0036800828663172414,
    0.01621040980846692,
    0.005145376825004906
  ],
  "param_names": [
    "beta_dissat",
    "beta_renter",
    "rho_aspiration",
    "alpha_local",
    "price_slope",
    "beta_0",
    "assortative_exponent",
    "intergenerational_skill_corr"
  ],
  "j_statistic": 494782.0326359215,
  "dof": 2,
  "p_value": 0.0,
  "moment_names": [
    "wealth_gini",
    "top_1_wealth_share",
    "top_10_wealth_share",
    "bottom_50_wealth_share",
    "homeownership_rate",
    "aggregate_price_growth_15y",
    "cross_regional_price_growth_sd",
    "price_growth_supply_elasticity_correlation",
    "aggregate_extreme_share_final",
    "cross_regional_extreme_share_dispersion"
  ],
  "moment_targets": [
    0.81,
    0.25,
    0.6,
    0.03,
    0.5,
    0.8,
    0.5,
    -0.7,
    0.208,
    0.08
  ],
  "moment_at_optimum": [
    0.8016234895663248,
    0.2876577263468677,
    0.6690932309304286,
    0.020644389669964926,
    0.4606,
    1.086056995031369,
    0.5243162331040431,
    -0.8392634817617918,
    0.17648,
    0.01096882202407904
  ],
  "moment_residuals": [
    -0.008376510433675266,
    0.037657726346867704,
    0.06909323093042863,
    -0.009355610330035073,
    -0.03939999999999999,
    0.28605699503136894,
    0.024316233104043072,
    -0.13926348176179182,
    -0.03151999999999999,
    -0.06903117797592095
  ],
  "moment_weights": [
    0.08,
    0.08,
    0.07,
    0.06,
    0.06,
    0.1,
    0.08,
    0.07,
    0.3,
    0.1
  ],
  "validation": {
    "extreme_share_2017": {
      "target": 0.126,
      "model": 0.12993333333333332,
      "error": 0.0039333333333333165,
      "tolerance": 0.03,
      "passed": true
    },
    "extreme_share_2021": {
      "target": 0.103,
      "model": 0.15533333333333335,
      "error": 0.05233333333333336,
      "tolerance": 0.03,
      "passed": false
    },
    "within_region_renter_owner_vote_gap": {
      "target": 0.15,
      "model": 0.2315161398276202,
      "error": 0.08151613982762021,
      "tolerance": 0.05,
      "passed": false
    },
    "cross_regional_extreme_share_price_growth_correlation": {
      "target": -0.6,
      "model": -0.2925178430813104,
      "error": 0.3074821569186896,
      "tolerance": 0.2,
      "passed": false
    },
    "cross_regional_extreme_share_price_growth_partial_correlation_income": {
      "target": -0.2,
      "model": 0.47594533057965255,
      "error": 0.6759453305796526,
      "tolerance": 0.3,
      "passed": false
    },
    "bottom_quartile_wage_growth_2010_2025": {
      "target": 0.04,
      "model": 0.20956316155491597,
      "error": 0.16956316155491596,
      "tolerance": 0.05,
      "passed": false
    },
    "uk_brexit_region_price_growth_correlation": {
      "target": -0.2,
      "model": NaN,
      "error": NaN,
      "tolerance": 0.15,
      "passed": false
    }
  },
  "n_seeds_per_eval": 5,
  "n_first_stage": 100,
  "n_second_stage": 50
}